Link Name,Center of Mass X,Center of Mass Y,Center of Mass Z,Center of Mass Roll,Center of Mass Pitch,Center of Mass Yaw,Mass,Moment Ixx,Moment Ixy,Moment Ixz,Moment Iyy,Moment Iyz,Moment Izz,Visual X,Visual Y,Visual Z,Visual Roll,Visual Pitch,Visual Yaw,Mesh Filename,Color Red,Color Green,Color Blue,Color Alpha,Collision X,Collision Y,Collision Z,Collision Roll,Collision Pitch,Collision Yaw,Collision Mesh Filename,Material Name,SW Components,Coordinate System,Axis Name,Joint Name,Joint Type,Joint Origin X,Joint Origin Y,Joint Origin Z,Joint Origin Roll,Joint Origin Pitch,Joint Origin Yaw,Parent,Joint Axis X,Joint Axis Y,Joint Axis Z,Limit Effort,Limit Velocity,Limit Lower,Limit Upper,Calibration rising,Calibration falling,Dynamics Damping,Dynamics Friction,Safety Soft Upper,Safety Soft Lower,Safety K Position,Safety K Velocity
base_link,-0.020143,-1.7575E-05,0.033438,0,0,0,3.5207,0.040332,1.9811E-06,-0.0015768,0.023285,4.6701E-06,0.023781,0,0,0,0,0,0,package://new/meshes/base_link.STL,0.75294,0.75294,0.75294,1,0,0,0,0,0,0,package://new/meshes/base_link.STL,,胯1^u2-上半身-1;装配体23^u2-上半身-1,base_cs,,,,0,0,0,0,0,0,,0,0,0,,,,,,,,,,,,
lleg1_link,-0.00603780475451132,0.0432652173398603,9.24612868935526E-07,0,0,0,0.979636763957245,0.00251560520365895,-0.000365072556023507,4.28344108421414E-09,0.0018995489926646,8.84717552428679E-07,0.00193444143078386,0,0,0,0,0,0,package://new/meshes/lleg1_link.STL,0.752941176470588,0.752941176470588,0.752941176470588,1,0,0,0,0,0,0,package://new/meshes/lleg1_link.STL,,胯2^u2-上半身-1,lleg1_cs,lleg1_axis,lleg1_joint,revolute,0,0.12,0,0,0,0,base_link,0,1,0,0,0,0,0,,,,,,,,
lleg2_link,0.00010061733949418,2.37883804113381E-07,-0.0741926653746036,0,0,0,2.14983323206301,0.0104948372603492,-1.83311405796717E-06,-0.000867971783911359,0.00960321083510864,-3.55742226111057E-09,0.00444081375255553,0,0,0,0,0,0,package://new/meshes/lleg2_link.STL,0.752941176470588,0.752941176470588,0.752941176470588,1,0,0,0,0,0,0,package://new/meshes/lleg2_link.STL,,大腿1^u2-上半身-1,lleg2_cs,lleg2_axis,lleg2_joint,revolute,0,0.081,0,0,0,0,lleg1_link,1,0,0,0,0,0,0,,,,,,,,
lleg3_link,-0.00147520035760751,0.0115538592250264,-0.142178702099153,0,0,0,3.07566096544526,0.01864032516675,4.19199167687482E-09,1.13111778404807E-06,0.0205507871075334,-0.0024541150672048,0.00532295407771581,0,0,0,0,0,0,package://new/meshes/lleg3_link.STL,0.752941176470588,0.752941176470588,0.752941176470588,1,0,0,0,0,0,0,package://new/meshes/lleg3_link.STL,,大腿2^u2-上半身-1,lleg3_cs,lleg3_axis,lleg3_joint,revolute,0.001,0,-0.16,0,0,0,lleg2_link,0,0,1,0,0,0,0,,,,,,,,
lleg4_link,0.0495934516573655,0.0675452210888626,-0.323293803143996,0,0,0,9.92314033980941,0.146922996808281,-0.0457107614786891,-0.0040000188411186,0.280809014107881,0.00840654106512545,0.200297617186317,0,0,0,0,0,0,package://new/meshes/lleg4_link.STL,0.752941176470588,0.752941176470588,0.752941176470588,1,0,0,0,0,0,0,package://new/meshes/lleg4_link.STL,,小腿^u2-上半身-1;ubrep_2-1,lleg4_cs,lleg4_axis,lleg4_joint,revolute,0,0,-0.231,0,0,0,lleg3_link,0,1,0,0,0,0,0,,,,,,,,
lleg5_link,1.33226762955019E-15,0.0320213618048816,-5.42968447980741E-16,0,0,0,1.79874594583768,0.00287071191116564,7.55271795446528E-19,1.81329075331478E-19,0.0053226875569429,-5.85095369555203E-20,0.00287071191116564,0,0,0,0,0,0,package://new/meshes/lleg5_link.STL,0.752941176470588,0.752941176470588,0.752941176470588,1,0,0,0,0,0,0,package://new/meshes/lleg5_link.STL,,从动轮^u2-上半身-1;主动轮^u2-上半身-1,lleg5_cs,lleg5_axis,lleg5_joint,revolute,0,0,-0.45,0,0,0,lleg4_link,0,1,0,0,0,0,0,,,,,,,,
rleg1_link,-0.00603780539256782,-0.0432652180016399,9.24612886699094E-07,0,0,0,0.979636781133436,0.00251560520396309,0.000365072556023481,4.28344120405104E-09,0.00189954899272825,-8.84717506498985E-07,0.00193444143102844,0,0,0,0,0,0,package://new/meshes/rleg1_link.STL,0.752941176470588,0.752941176470588,0.752941176470588,1,0,0,0,0,0,0,package://new/meshes/rleg1_link.STL,,镜向胯2^u2-上半身-3,rleg1_cs,rleg1_axis,rleg1_joint,revolute,0,-0.12,0,0,0,0,base_link,0,1,0,0,0,0,0,,,,,,,,
rleg2_link,0.000100619795937451,-2.37857690432719E-07,-0.0741926642780467,0,0,0,2.14983336193024,0.0104948373481445,1.83311382474786E-06,-0.000867971813199864,0.00960321094763518,3.55539893429384E-09,0.00444081378081345,0,0,0,0,0,0,package://new/meshes/rleg2_link.STL,0.752941176470588,0.752941176470588,0.752941176470588,1,0,0,0,0,0,0,package://new/meshes/rleg2_link.STL,,镜向大腿1^u2-上半身-3,rleg2_cs,rleg2_axis,rleg2_joint,revolute,0,-0.081,0,0,0,0,rleg1_link,1,0,0,0,0,0,0,,,,,,,,
rleg3_link,-0.00147520034101389,-0.011553859324014,-0.14217870309899,0,0,0,3.07566100006702,0.0186403251670117,-4.19199178992484E-09,1.13111793818448E-06,0.0205507871081295,0.00245411506720475,0.00532295407807622,0,0,0,0,0,0,package://new/meshes/rleg3_link.STL,0.752941176470588,0.752941176470588,0.752941176470588,1,0,0,0,0,0,0,package://new/meshes/rleg3_link.STL,,镜向大腿2^u2-上半身-3,rleg3_cs,rleg3_axis,rleg3_joint,revolute,0.001,0,-0.16,0,0,0,rleg2_link,0,0,1,0,0,0,0,,,,,,,,
rleg4_link,0.0495934182530289,-0.0675453343366273,-0.323294519262967,0,0,0,9.92317149179058,0.146924061011678,0.0457115248782949,-0.00399963911496491,0.280811594340711,-0.00840701083978364,0.200300374123036,0,0,0,0,0,0,package://new/meshes/rleg4_link.STL,0.752941176470588,0.752941176470588,0.752941176470588,1,0,0,0,0,0,0,package://new/meshes/rleg4_link.STL,,镜向小腿^u2-上半身-3;u镜向brep_2-4,rleg4_cs,rleg4_axis,rleg4_joint,revolute,0,0,-0.231,0,0,0,rleg3_link,0,1,0,0,0,0,0,,,,,,,,
rleg5_link,1.77635683940025E-15,-0.032021361804882,-1.17961196366423E-15,0,0,0,1.79874594583768,0.00287071191116564,-1.15263346714584E-18,-4.32153068139035E-19,0.0053226875569429,-5.90875145025093E-19,0.00287071191116564,0,0,0,0,0,0,package://new/meshes/rleg5_link.STL,0.752941176470588,0.752941176470588,0.752941176470588,1,0,0,0,0,0,0,package://new/meshes/rleg5_link.STL,,镜向从动轮^u2-上半身-3;镜向主动轮^u2-上半身-3,rleg5_cs,rleg5_axis,rleg5_joint,revolute,0,0,-0.45,0,0,0,rleg4_link,0,1,0,0,0,0,0,,,,,,,,
waist1_link,0,0,0,0,0,0,0,0,0,0,0,0,0,0,0,0,0,0,0,package://new/meshes/waist1_link.STL,1,1,1,1,0,0,0,0,0,0,package://new/meshes/waist1_link.STL,,u全翻转铰链连杆1-4;u折叠座椅-1/u座椅面板-2;u折叠座椅-1/u2-腰2-1;u100杆-1;u550杆-2;u550杆2-1;u70杆-1;u阿鲁卡多之月光剑-1;ugun-1;u100杆-2;u550杆-3;u550杆2-2;u70杆-2;装配体27^u2-上半身-1/u550杆3-1;装配体26^u2-上半身-1/u顶棚支架1-1/u310杆-1;装配体26^u2-上半身-1/u顶棚支架1-1/u40杆-4;装配体26^u2-上半身-1/u顶棚支架1-2/u310杆-1;装配体26^u2-上半身-1/u顶棚支架1-2/u40杆-4;装配体26^u2-上半身-1/u顶棚支架1-2/u40杆-3;装配体27^u2-上半身-1/u550杆3-2;装配体27^u2-上半身-1/u屁股-1;装配体26^u2-上半身-1/u背-1;装配体26^u2-上半身-1/u顶棚支架1-2/u210杆-1;u40杆-2;装配体26^u2-上半身-1/u顶棚支架1-1/u210杆-1,waist1_cs,waist1_axis,waist1_joint,revolute,0,0,0.23,0,0,0,base_link,0,1,0,0,0,0,0,,,,,,,,
waist2_link,-0.153038357649816,-1.56639272385906E-05,0.2297242147634,0,0,0,14.6155547370414,0.78324108690974,-1.35622534174718E-07,-0.0860532131261723,0.418938152421459,-8.10984632649919E-07,0.474640362975062,0,0,0,0,0,0,package://new/meshes/waist2_link.STL,0.752941176470588,0.752941176470588,0.752941176470588,1,0,0,0,0,0,0,package://new/meshes/waist2_link.STL,,胸背总成^u2-上半身-1,waist2_cs,waist2_axis,waist2_joint,revolute,0,0,0.18,0,0,0,waist1_link,0,0,1,0,0,0,0,,,,,,,,
head_link,0.0312679810831444,1.08246744900953E-15,0.108082849238475,0,0,0,0.595798769462967,0.00376092721407206,-7.75353874649649E-18,-6.08564778075932E-05,0.0037306487974934,-1.27247304467543E-17,0.00271633404150572,0,0,0,0,0,0,package://new/meshes/head_link.STL,0.796078431372549,0.823529411764706,0.937254901960784,1,0,0,0,0,0,0,package://new/meshes/head_link.STL,,u2-头-1,head1_cs,head1_axis,head_joint,revolute,0,0,0.1435,0,0,0,waist2_link,0,0,1,0,0,0,0,,,,,,,,
larm1_link,3.64153152077051E-14,0.0199587762210949,-0.0703333148403189,0,0,0,1.37137106768658,0.00225926941564016,4.40589341944897E-17,3.89857375253593E-17,0.00555007585137163,0.000126075065141647,0.00387187743786001,0,0,0,0,0,0,package://new/meshes/larm1_link.STL,0.898039215686275,0.917647058823529,0.929411764705882,1,0,0,0,0,0,0,package://new/meshes/larm1_link.STL,,u肩部底座-1,larm1_cs,larm1_axis,larm1_joint,revolute,0,0.29,0.1615,0,0,0,waist2_link,1,0,0,0,0,0,0,,,,,,,,
larm2_link,0,2.45584552693856E-10,3.83740372811303E-10,0,0,0,2.37412872506368,0.0065671313484322,-4.89464240094112E-14,3.91348006642411E-14,0.00741416119234512,-7.32216950430607E-18,0.0067002948052422,0,0,0,0,0,0,package://new/meshes/larm2_link.STL,0.898039215686275,0.917647058823529,0.929411764705882,1,0,0,0,0,0,0,package://new/meshes/larm2_link.STL,,u肩部-1,larm2_cs,larm2_axis,larm2_joint,revolute,0,0.101,-0.07,0,0,0,larm1_link,0,1,0,0,0,0,0,,,,,,,,
larm3_link,-0.104828955989161,0.10591015940167,-0.139602759579855,0,0,0,21.6237313967048,0.365746091913424,-0.0198052665577137,0.0462588819573001,0.34978109209408,0.0121128555347645,0.18424421797876,0,0,0,0,0,0,package://new/meshes/larm3_link.STL,0.752941176470588,0.752941176470588,0.752941176470588,1,0,0,0,0,0,0,package://new/meshes/larm3_link.STL,,大臂^u2-上半身-1;u左前舱盖总成-1/ubrep_71-1;u左前舱盖总成-1/u前舱盖铰链-2;u左前舱盖总成-1/u前舱盖铰链-1;u全翻转铰链连杆2-4;u全翻转铰链连杆2-3;装配体20^u2-上半身-1/u门左-1;装配体20^u2-上半身-1/u全翻转铰链底座-1;u全翻转铰链连杆1-4;u全翻转铰链连杆1-3,larm3_cs,larm3_axis,larm3_joint,revolute,0,0,-0.0775,0,0,0,larm2_link,0,0,1,0,0,0,0,,,,,,,,
larm4_link,0.0317927242085092,-3.44169137633799E-15,-0.0799949964864231,0,0,0,1.78981777498835,0.0213544377218718,2.05683105947239E-17,0.00274944537283058,0.0202719868981093,-1.30985518883826E-16,0.0034251740500908,0,0,0,0,0,0,package://new/meshes/larm4_link.STL,0.898039215686275,0.917647058823529,0.929411764705882,1,0,0,0,0,0,0,package://new/meshes/larm4_link.STL,,u2-小臂2-1,larm4_cs,larm4_axis,larm4_joint,revolute,0,0,-0.24,0,0,0,larm3_link,1,0,0,0,0,0,0,,,,,,,,
larm5_link,-0.00257738106155303,3.24893445480257E-10,0.0447389735002153,0,0,0,1.17474387955652,0.00182486735319678,5.99832868621618E-12,-0.000141431092544569,0.00127009025521368,-7.10363887005914E-12,0.00126039370597759,0,0,0,0,0,0,package://new/meshes/larm5_link.STL,1,1,1,1,0,0,0,0,0,0,package://new/meshes/larm5_link.STL,,u滚轮1-1;u手腕-1,larm5_cs,larm5_axis,larm5_joint,revolute,0,0,-0.215,0,0,0,larm4_link,1,0,0,0,0,0,0,,,,,,,,
larm6_link,-4.28710400512955E-11,4.41157055330876E-10,-0.0340019799947561,0,0,0,0.6446867898298,0.000577985352979314,-1.30155192511989E-12,5.04796744741949E-13,0.000552571404677545,-5.4754921533663E-12,0.000558532499141068,0,0,0,0,0,0,package://new/meshes/larm6_link.STL,1,1,1,1,0,0,0,0,0,0,package://new/meshes/larm6_link.STL,,u手-1,larm6_cs,larm6_axis,larm6_joint,revolute,-0.0005,0,-0.032,0,0,0,larm5_link,0,0,1,0,0,0,0,,,,,,,,
rarm1_link,0,-0.0199587762210958,-0.0703333148403185,0,0,0,1.37137106768658,0.00225926941564015,2.65278586207325E-19,4.51316253510221E-19,0.00555007585137162,-0.000126075065141664,0.00387187743786001,0,0,0,0,0,0,package://new/meshes/rarm1_link.STL,0.792156862745098,0.819607843137255,0.933333333333333,1,0,0,0,0,0,0,package://new/meshes/rarm1_link.STL,,镜向u肩部底座-2,rarm1_cs,rarm1_axis,rarm1_joint,revolute,0,-0.29,0.1615,0,0,0,waist2_link,1,0,0,0,0,0,0,,,,,,,,
rarm2_link,0,-2.45558018363567E-10,3.83740150766698E-10,0,0,0,2.37412872506368,0.00656713134843221,-4.89794755810455E-14,-3.91988431181502E-14,0.00741416119234514,1.00734883406629E-17,0.00670029480524222,0,0,0,0,0,0,package://new/meshes/rarm2_link.STL,0.792156862745098,0.819607843137255,0.933333333333333,1,0,0,0,0,0,0,package://new/meshes/rarm2_link.STL,,镜向u肩部-2,rarm2_cs,rarm2_axis,rarm2_joint,revolute,0,-0.101,-0.07,0,0,0,rarm1_link,0,1,0,0,0,0,0,,,,,,,,
rarm3_link,-0.104829234324754,-0.105909990422009,-0.139602365514877,0,0,0,21.6237335754597,0.365747949252093,0.019805135083322,0.0462591365558337,0.349782425167795,-0.0121131785601695,0.184244209141516,0,0,0,0,0,0,package://new/meshes/rarm3_link.STL,0.752941176470588,0.752941176470588,0.752941176470588,1,0,0,0,0,0,0,package://new/meshes/rarm3_link.STL,,镜向大臂^u2-上半身-3;镜向装配体20^u2-上半身-3/镜向u门左-1;镜向u全翻转铰链连杆2-6;镜向u全翻转铰链连杆2-5;镜向u全翻转铰链连杆1-5;u镜向左前舱盖总成-2/u镜向brep_71-1;u镜向左前舱盖总成-2/u镜向前舱盖铰链-2;u镜向左前舱盖总成-2/u镜向前舱盖铰链-1;镜向装配体20^u2-上半身-3/镜向u全翻转铰链底座-1;镜向u全翻转铰链连杆1-6,rarm3_cs,rarm3_axis,rarm3_joint,revolute,0,0,-0.0775,0,0,0,rarm2_link,0,0,1,0,0,0,0,,,,,,,,
rarm4_link,0.0317927242084315,5.24025267623074E-14,-0.0799949964864228,0,0,0,1.78981777498835,0.0213544377218718,1.66042087254657E-17,0.00274944537283057,0.0202719868981092,-1.15892192772376E-16,0.0034251740500908,0,0,0,0,0,0,package://new/meshes/rarm4_link.STL,0.792156862745098,0.819607843137255,0.933333333333333,1,0,0,0,0,0,0,package://new/meshes/rarm4_link.STL,,镜向u2-小臂2-2,rarm4_cs,rarm4_axis,rarm4_joint,revolute,0,0,-0.24,0,0,0,rarm3_link,1,0,0,0,0,0,0,,,,,,,,
rarm5_link,-0.00257738106164185,-2.94003599243808E-10,0.0447389735002149,0,0,0,1.17474387955652,0.0018248673531968,-7.08052135050429E-12,-0.000141431092544572,0.00127009025521369,7.37016424309404E-12,0.0012603937059776,0,0,0,0,0,0,package://new/meshes/rarm5_link.STL,0.792156862745098,0.819607843137255,0.933333333333333,1,0,0,0,0,0,0,package://new/meshes/rarm5_link.STL,,镜向u手腕-2;镜向u滚轮1-2,rarm5_cs,rarm5_axis,rarm5_joint,revolute,0,0,-0.215,0,0,0,rarm4_link,1,0,0,0,0,0,0,,,,,,,,
rarm6_link,-1.52211576676109E-12,-4.35924740749272E-10,-0.0340019799273792,0,0,0,0.644686791512793,0.000577985353118139,1.42401017873808E-12,3.33336644066728E-14,0.000552571406022101,5.74663258590246E-12,0.000558532499312998,0,0,0,0,0,0,package://new/meshes/rarm6_link.STL,0.792156862745098,0.819607843137255,0.933333333333333,1,0,0,0,0,0,0,package://new/meshes/rarm6_link.STL,,镜向u手-2,rarm6_cs,rarm6_axis,rarm6_joint,revolute,-0.0005,0,-0.032,0,0,0,rarm5_link,0,0,1,0,0,0,0,,,,,,,,
